position,column,inferred_type,non_missing_count,missing_count,missing_pct,unique_count,unique_pct_non_missing,is_all_missing,is_constant_non_missing,is_unique_non_missing,min,max,mean,top_values
1,year,integer,1051,0,0.0,1,0.0951,False,True,False,2024,2024,2024,"[{""value"": ""2024"", ""count"": 1051}]"
2,economy,string,1051,0,0.0,1,0.0951,False,True,False,,,,"[{""value"": ""Eswatini"", ""count"": 1051}]"
3,economycode,string,1051,0,0.0,1,0.0951,False,True,False,,,,"[{""value"": ""SWZ"", ""count"": 1051}]"
4,regionwb,string,1051,0,0.0,1,0.0951,False,True,False,,,,"[{""value"": ""Sub-Saharan Africa (excluding high income)"", ""count"": 1051}]"
5,pop_adult,integer,1051,0,0.0,1,0.0951,False,True,False,816208,816208,816208,"[{""value"": ""816208"", ""count"": 1051}]"
6,wpid_random,integer,1051,0,0.0,1051,100.0,False,False,True,111280854,211101680,161770235.3786869647954329210,"[{""value"": ""111280854"", ""count"": 1}, {""value"": ""111423402"", ""count"": 1}, {""value"": ""111475462"", ""count"": 1}, {""value"": ""111543232"", ""count"": 1}, {""value"": ""111543245"", ""count"": 1}, {""value"": ""111561811"", ""count"": 1}, {""value"": ""111583667"", ""count"": 1}, {""value"": ""111763308"", ""count"": 1}]"
7,wgt,float,1051,0,0.0,567,53.9486,False,False,False,0.171572469766396,3.18546652438591,0.9999999999954108439581351094,"[{""value"": ""0.171572469766396"", ""count"": 53}, {""value"": ""3.18546652438591"", ""count"": 52}, {""value"": ""0.369710889231579"", ""count"": 17}, {""value"": ""0.540770505296808"", ""count"": 11}, {""value"": ""0.237136609410522"", ""count"": 9}, {""value"": ""0.267492271698"", ""count"": 9}, {""value"": ""0.796366631084891"", ""count"": 9}, {""value"": ""0.795058816917224"", ""count"": 8}]"
8,female,integer,1051,0,0.0,2,0.1903,False,False,False,1,2,1.368220742150333016175071361,"[{""value"": ""1"", ""count"": 664}, {""value"": ""2"", ""count"": 387}]"
9,age,integer,1051,0,0.0,75,7.1361,False,False,False,15,100,37.04471931493815413891531874,"[{""value"": ""20"", ""count"": 38}, {""value"": ""30"", ""count"": 36}, {""value"": ""18"", ""count"": 35}, {""value"": ""23"", ""count"": 35}, {""value"": ""38"", ""count"": 32}, {""value"": ""40"", ""count"": 32}, {""value"": ""25"", ""count"": 31}, {""value"": ""26"", ""count"": 31}]"
10,educ,integer,1041,10,0.9515,3,0.2882,False,False,False,1,3,1.808837656099903938520653218,"[{""value"": ""2"", ""count"": 668}, {""value"": ""1"", ""count"": 286}, {""value"": ""3"", ""count"": 87}]"
11,inc_q,integer,1051,0,0.0,5,0.4757,False,False,False,1,5,3.296860133206470028544243578,"[{""value"": ""5"", ""count"": 311}, {""value"": ""4"", ""count"": 223}, {""value"": ""1"", ""count"": 183}, {""value"": ""2"", ""count"": 167}, {""value"": ""3"", ""count"": 167}]"
12,emp_in,integer,1051,0,0.0,2,0.1903,False,False,False,1,2,1.450047573739295908658420552,"[{""value"": ""1"", ""count"": 578}, {""value"": ""2"", ""count"": 473}]"
13,urbanicity,integer,1051,0,0.0,1,0.0951,False,True,False,1,1,1,"[{""value"": ""1"", ""count"": 1051}]"
14,account_fin,integer,1051,0,0.0,2,0.1903,False,False,False,0,1,0.5109419600380589914367269267,"[{""value"": ""1"", ""count"": 537}, {""value"": ""0"", ""count"": 514}]"
15,account_mob,integer,1051,0,0.0,2,0.1903,False,False,False,0,1,0.5813510941960038058991436727,"[{""value"": ""1"", ""count"": 611}, {""value"": ""0"", ""count"": 440}]"
16,account,integer,1051,0,0.0,2,0.1903,False,False,False,0,1,0.7316841103710751665080875357,"[{""value"": ""1"", ""count"": 769}, {""value"": ""0"", ""count"": 282}]"
17,dig_account,integer,1051,0,0.0,2,0.1903,False,False,False,0,1,0.6536631779257849666983824929,"[{""value"": ""1"", ""count"": 687}, {""value"": ""0"", ""count"": 364}]"
18,borrowed,integer,1051,0,0.0,2,0.1903,False,False,False,0,1,0.7297811607992388201712654615,"[{""value"": ""1"", ""count"": 767}, {""value"": ""0"", ""count"": 284}]"
19,saved,integer,1051,0,0.0,2,0.1903,False,False,False,0,1,0.6470028544243577545195052331,"[{""value"": ""1"", ""count"": 680}, {""value"": ""0"", ""count"": 371}]"
20,receive_wages,integer,1051,0,0.0,5,0.4757,False,False,False,1,5,3.044719314938154138915318744,"[{""value"": ""4"", ""count"": 675}, {""value"": ""1"", ""count"": 282}, {""value"": ""2"", ""count"": 72}, {""value"": ""3"", ""count"": 18}, {""value"": ""5"", ""count"": 4}]"
21,receive_transfers,integer,1051,0,0.0,5,0.4757,False,False,False,1,5,3.607040913415794481446241675,"[{""value"": ""4"", ""count"": 852}, {""value"": ""1"", ""count"": 110}, {""value"": ""3"", ""count"": 74}, {""value"": ""2"", ""count"": 8}, {""value"": ""5"", ""count"": 7}]"
22,receive_pensions,integer,1051,0,0.0,5,0.4757,False,False,False,1,5,3.775451950523311132254995243,"[{""value"": ""4"", ""count"": 950}, {""value"": ""1"", ""count"": 71}, {""value"": ""3"", ""count"": 16}, {""value"": ""2"", ""count"": 7}, {""value"": ""5"", ""count"": 7}]"
23,receive_agriculture,integer,1051,0,0.0,5,0.4757,False,False,False,1,5,3.673644148430066603235014272,"[{""value"": ""4"", ""count"": 893}, {""value"": ""1"", ""count"": 82}, {""value"": ""2"", ""count"": 37}, {""value"": ""3"", ""count"": 31}, {""value"": ""5"", ""count"": 8}]"
24,merchantpay_dig,integer,1051,0,0.0,2,0.1903,False,False,False,0,1,0.2274024738344433872502378687,"[{""value"": ""0"", ""count"": 812}, {""value"": ""1"", ""count"": 239}]"
25,pay_utilities,integer,1051,0,0.0,5,0.4757,False,False,False,1,5,2.600380589914367269267364415,"[{""value"": ""4"", ""count"": 520}, {""value"": ""1"", ""count"": 439}, {""value"": ""2"", ""count"": 70}, {""value"": ""3"", ""count"": 18}, {""value"": ""5"", ""count"": 4}]"
26,domestic_remittances,integer,1045,6,0.5709,4,0.3828,False,False,False,1,4,1.871770334928229665071770335,"[{""value"": ""1"", ""count"": 515}, {""value"": ""3"", ""count"": 371}, {""value"": ""2"", ""count"": 154}, {""value"": ""4"", ""count"": 5}]"
27,anydigpayment,integer,1051,0,0.0,2,0.1903,False,False,False,0,1,0.6955280685061845861084681256,"[{""value"": ""1"", ""count"": 731}, {""value"": ""0"", ""count"": 320}]"
28,fin2,integer,1051,0,0.0,4,0.3806,False,False,False,1,4,1.615604186489058039961941009,"[{""value"": ""2"", ""count"": 623}, {""value"": ""1"", ""count"": 418}, {""value"": ""3"", ""count"": 6}, {""value"": ""4"", ""count"": 4}]"
29,fin3,integer,480,571,54.3292,3,0.625,False,False,False,1,3,1.345833333333333333333333333,"[{""value"": ""1"", ""count"": 319}, {""value"": ""2"", ""count"": 156}, {""value"": ""3"", ""count"": 5}]"
30,fin4,integer,480,571,54.3292,4,0.8333,False,False,False,1,4,1.308333333333333333333333333,"[{""value"": ""1"", ""count"": 338}, {""value"": ""2"", ""count"": 137}, {""value"": ""3"", ""count"": 4}, {""value"": ""4"", ""count"": 1}]"
31,fin5,integer,480,571,54.3292,5,1.0417,False,False,False,1,5,2.360416666666666666666666667,"[{""value"": ""2"", ""count"": 300}, {""value"": ""3"", ""count"": 80}, {""value"": ""4"", ""count"": 47}, {""value"": ""1"", ""count"": 40}, {""value"": ""5"", ""count"": 13}]"
32,fin6,integer,480,571,54.3292,5,1.0417,False,False,False,1,5,2.402083333333333333333333333,"[{""value"": ""2"", ""count"": 262}, {""value"": ""3"", ""count"": 86}, {""value"": ""1"", ""count"": 58}, {""value"": ""4"", ""count"": 57}, {""value"": ""5"", ""count"": 17}]"
33,fin7,integer,117,934,88.8677,3,2.5641,False,False,False,1,3,1.555555555555555555555555556,"[{""value"": ""1"", ""count"": 57}, {""value"": ""2"", ""count"": 55}, {""value"": ""3"", ""count"": 5}]"
34,fin8,integer,480,571,54.3292,4,0.8333,False,False,False,1,4,1.614583333333333333333333333,"[{""value"": ""2"", ""count"": 280}, {""value"": ""1"", ""count"": 193}, {""value"": ""3"", ""count"": 6}, {""value"": ""4"", ""count"": 1}]"
35,fin9a,integer,480,571,54.3292,3,0.625,False,False,False,1,3,1.389583333333333333333333333,"[{""value"": ""1"", ""count"": 303}, {""value"": ""2"", ""count"": 167}, {""value"": ""3"", ""count"": 10}]"
36,fin9b,integer,480,571,54.3292,3,0.625,False,False,False,1,3,1.3875,"[{""value"": ""1"", ""count"": 296}, {""value"": ""2"", ""count"": 182}, {""value"": ""3"", ""count"": 2}]"
37,fin10,integer,480,571,54.3292,4,0.8333,False,False,False,1,4,1.870833333333333333333333333,"[{""value"": ""2"", ""count"": 407}, {""value"": ""1"", ""count"": 68}, {""value"": ""3"", ""count"": 4}, {""value"": ""4"", ""count"": 1}]"
38,fin11_0,empty,0,1051,100.0,0,0.0,True,True,False,,,,[]
39,fin11_1,empty,0,1051,100.0,0,0.0,True,True,False,,,,[]
40,fin11_2,empty,0,1051,100.0,0,0.0,True,True,False,,,,[]
41,fin11a,empty,0,1051,100.0,0,0.0,True,True,False,,,,[]
42,fin11b,empty,0,1051,100.0,0,0.0,True,True,False,,,,[]
43,fin11c,empty,0,1051,100.0,0,0.0,True,True,False,,,,[]
44,fin11d,empty,0,1051,100.0,0,0.0,True,True,False,,,,[]
45,fin11e,empty,0,1051,100.0,0,0.0,True,True,False,,,,[]
46,fin11f,empty,0,1051,100.0,0,0.0,True,True,False,,,,[]
47,fin13_1,integer,243,808,76.8792,4,1.6461,False,False,False,1,4,1.551440329218106995884773663,"[{""value"": ""1"", ""count"": 128}, {""value"": ""2"", ""count"": 97}, {""value"": ""3"", ""count"": 17}, {""value"": ""4"", ""count"": 1}]"
48,fin13a,integer,555,496,47.1931,6,1.0811,False,False,False,1,6,2.335135135135135135135135135,"[{""value"": ""2"", ""count"": 270}, {""value"": ""3"", ""count"": 120}, {""value"": ""1"", ""count"": 98}, {""value"": ""4"", ""count"": 39}, {""value"": ""5"", ""count"": 26}, {""value"": ""6"", ""count"": 2}]"
49,fin13b,integer,555,496,47.1931,6,1.0811,False,False,False,1,6,2.457657657657657657657657658,"[{""value"": ""2"", ""count"": 237}, {""value"": ""3"", ""count"": 132}, {""value"": ""1"", ""count"": 94}, {""value"": ""4"", ""count"": 62}, {""value"": ""5"", ""count"": 28}, {""value"": ""6"", ""count"": 2}]"
50,fin13c,integer,555,496,47.1931,6,1.0811,False,False,False,1,6,2.336936936936936936936936937,"[{""value"": ""2"", ""count"": 237}, {""value"": ""1"", ""count"": 123}, {""value"": ""3"", ""count"": 120}, {""value"": ""4"", ""count"": 38}, {""value"": ""5"", ""count"": 34}, {""value"": ""6"", ""count"": 3}]"
51,fin13d,integer,555,496,47.1931,4,0.7207,False,False,False,1,4,1.437837837837837837837837838,"[{""value"": ""1"", ""count"": 316}, {""value"": ""2"", ""count"": 236}, {""value"": ""3"", ""count"": 2}, {""value"": ""4"", ""count"": 1}]"
52,fin13e,integer,555,496,47.1931,4,0.7207,False,False,False,1,4,1.641441441441441441441441441,"[{""value"": ""2"", ""count"": 351}, {""value"": ""1"", ""count"": 202}, {""value"": ""3"", ""count"": 1}, {""value"": ""4"", ""count"": 1}]"
53,fin13f,integer,555,496,47.1931,4,0.7207,False,False,False,1,4,1.839639639639639639639639640,"[{""value"": ""2"", ""count"": 459}, {""value"": ""1"", ""count"": 93}, {""value"": ""3"", ""count"": 2}, {""value"": ""4"", ""count"": 1}]"
54,fin13f_1,integer,93,958,91.1513,2,2.1505,False,False,False,1,2,1.419354838709677419354838710,"[{""value"": ""1"", ""count"": 54}, {""value"": ""2"", ""count"": 39}]"
55,fin14a,integer,318,733,69.7431,4,1.2579,False,False,False,1,4,1.864779874213836477987421384,"[{""value"": ""2"", ""count"": 233}, {""value"": ""1"", ""count"": 66}, {""value"": ""3"", ""count"": 15}, {""value"": ""4"", ""count"": 4}]"
56,fin14b,integer,318,733,69.7431,4,1.2579,False,False,False,1,4,1.893081761006289308176100629,"[{""value"": ""2"", ""count"": 219}, {""value"": ""1"", ""count"": 68}, {""value"": ""3"", ""count"": 28}, {""value"": ""4"", ""count"": 3}]"
57,fin14c,integer,318,733,69.7431,4,1.2579,False,False,False,1,4,1.701257861635220125786163522,"[{""value"": ""2"", ""count"": 189}, {""value"": ""1"", ""count"": 113}, {""value"": ""3"", ""count"": 14}, {""value"": ""4"", ""count"": 2}]"
58,fin14d,integer,318,733,69.7431,4,1.2579,False,False,False,1,4,1.496855345911949685534591195,"[{""value"": ""1"", ""count"": 170}, {""value"": ""2"", ""count"": 140}, {""value"": ""3"", ""count"": 6}, {""value"": ""4"", ""count"": 2}]"
59,fin14e,integer,318,733,69.7431,4,1.2579,False,False,False,1,4,1.798742138364779874213836478,"[{""value"": ""2"", ""count"": 215}, {""value"": ""1"", ""count"": 84}, {""value"": ""3"", ""count"": 18}, {""value"": ""4"", ""count"": 1}]"
60,fin15,integer,318,733,69.7431,4,1.2579,False,False,False,1,4,1.827044025157232704402515723,"[{""value"": ""2"", ""count"": 248}, {""value"": ""1"", ""count"": 63}, {""value"": ""3"", ""count"": 6}, {""value"": ""4"", ""count"": 1}]"
61,fin16,integer,318,733,69.7431,4,1.2579,False,False,False,1,4,1.773584905660377358490566038,"[{""value"": ""2"", ""count"": 235}, {""value"": ""1"", ""count"": 78}, {""value"": ""3"", ""count"": 4}, {""value"": ""4"", ""count"": 1}]"
62,fin17a,integer,1051,0,0.0,4,0.3806,False,False,False,1,4,1.807802093244529019980970504,"[{""value"": ""2"", ""count"": 830}, {""value"": ""1"", ""count"": 212}, {""value"": ""3"", ""count"": 8}, {""value"": ""4"", ""count"": 1}]"
63,fin17b,integer,677,374,35.5852,3,0.4431,False,False,False,1,3,1.568685376661742983751846381,"[{""value"": ""2"", ""count"": 379}, {""value"": ""1"", ""count"": 295}, {""value"": ""3"", ""count"": 3}]"
64,fin17c,integer,1051,0,0.0,4,0.3806,False,False,False,1,4,1.751665080875356803044719315,"[{""value"": ""2"", ""count"": 772}, {""value"": ""1"", ""count"": 271}, {""value"": ""3"", ""count"": 6}, {""value"": ""4"", ""count"": 2}]"
65,fin17d,integer,406,645,61.3701,5,1.2315,False,False,False,1,5,2.273399014778325123152709360,"[{""value"": ""2"", ""count"": 201}, {""value"": ""3"", ""count"": 103}, {""value"": ""1"", ""count"": 66}, {""value"": ""4"", ""count"": 34}, {""value"": ""5"", ""count"": 2}]"
66,fin17e,integer,406,645,61.3701,4,0.9852,False,False,False,1,4,1.753694581280788177339901478,"[{""value"": ""2"", ""count"": 283}, {""value"": ""1"", ""count"": 112}, {""value"": ""3"", ""count"": 10}, {""value"": ""4"", ""count"": 1}]"
67,fin17f,integer,406,645,61.3701,3,0.7389,False,False,False,1,3,1.758620689655172413793103448,"[{""value"": ""2"", ""count"": 304}, {""value"": ""1"", ""count"": 100}, {""value"": ""3"", ""count"": 2}]"
68,fin18,integer,512,539,51.2845,3,0.5859,False,False,False,1,3,1.73046875,"[{""value"": ""2"", ""count"": 368}, {""value"": ""1"", ""count"": 141}, {""value"": ""3"", ""count"": 3}]"
69,fin19,integer,1051,0,0.0,4,0.3806,False,False,False,1,4,1.794481446241674595623215985,"[{""value"": ""2"", ""count"": 804}, {""value"": ""1"", ""count"": 233}, {""value"": ""3"", ""count"": 11}, {""value"": ""4"", ""count"": 3}]"
70,fin20,integer,1051,0,0.0,4,0.3806,False,False,False,1,4,1.664129400570884871550903901,"[{""value"": ""2"", ""count"": 689}, {""value"": ""1"", ""count"": 358}, {""value"": ""3"", ""count"": 3}, {""value"": ""4"", ""count"": 1}]"
71,fin21,integer,358,693,65.9372,2,0.5587,False,False,False,1,2,1.220670391061452513966480447,"[{""value"": ""1"", ""count"": 279}, {""value"": ""2"", ""count"": 79}]"
72,fin22a,integer,1051,0,0.0,3,0.2854,False,False,False,1,3,1.901998097050428163653663178,"[{""value"": ""2"", ""count"": 938}, {""value"": ""1"", ""count"": 108}, {""value"": ""3"", ""count"": 5}]"
73,fin22a_1,integer,677,374,35.5852,3,0.4431,False,False,False,1,3,1.679468242245199409158050222,"[{""value"": ""2"", ""count"": 438}, {""value"": ""1"", ""count"": 228}, {""value"": ""3"", ""count"": 11}]"
74,fin22b,integer,1051,0,0.0,4,0.3806,False,False,False,1,4,1.530922930542340627973358706,"[{""value"": ""2"", ""count"": 547}, {""value"": ""1"", ""count"": 499}, {""value"": ""3"", ""count"": 4}, {""value"": ""4"", ""count"": 1}]"
75,fin22c,integer,271,780,74.215,3,1.107,False,False,False,1,4,1.435424354243542435424354244,"[{""value"": ""1"", ""count"": 155}, {""value"": ""2"", ""count"": 115}, {""value"": ""4"", ""count"": 1}]"
76,fin22d,integer,1051,0,0.0,4,0.3806,False,False,False,1,4,1.736441484300666032350142721,"[{""value"": ""2"", ""count"": 763}, {""value"": ""1"", ""count"": 283}, {""value"": ""3"", ""count"": 4}, {""value"": ""4"", ""count"": 1}]"
77,fin22e,integer,1051,0,0.0,4,0.3806,False,False,False,1,4,1.803996194100856327307326356,"[{""value"": ""2"", ""count"": 838}, {""value"": ""1"", ""count"": 210}, {""value"": ""3"", ""count"": 2}, {""value"": ""4"", ""count"": 1}]"
78,fin22f,integer,1051,0,0.0,3,0.2854,False,False,False,1,3,1.811607992388201712654614653,"[{""value"": ""2"", ""count"": 843}, {""value"": ""1"", ""count"": 203}, {""value"": ""3"", ""count"": 5}]"
79,fin22g,integer,68,983,93.53,3,4.4118,False,False,False,1,3,1.455882352941176470588235294,"[{""value"": ""1"", ""count"": 38}, {""value"": ""2"", ""count"": 29}, {""value"": ""3"", ""count"": 1}]"
80,fin22h,integer,38,1013,96.3844,4,10.5263,False,False,False,1,4,1.421052631578947368421052632,"[{""value"": ""1"", ""count"": 25}, {""value"": ""2"", ""count"": 11}, {""value"": ""3"", ""count"": 1}, {""value"": ""4"", ""count"": 1}]"
81,fin23,integer,404,647,61.5604,3,0.7426,False,False,False,1,3,1.863861386138613861386138614,"[{""value"": ""2"", ""count"": 345}, {""value"": ""1"", ""count"": 57}, {""value"": ""3"", ""count"": 2}]"
82,fin24,integer,1051,0,0.0,9,0.8563,False,False,False,1,9,4.071360608943862987630827783,"[{""value"": ""2"", ""count"": 303}, {""value"": ""7"", ""count"": 136}, {""value"": ""4"", ""count"": 130}, {""value"": ""8"", ""count"": 128}, {""value"": ""1"", ""count"": 122}, {""value"": ""5"", ""count"": 118}, {""value"": ""3"", ""count"": 80}, {""value"": ""6"", ""count"": 27}]"
83,fin24a,integer,780,271,25.785,4,0.5128,False,False,False,1,4,1.573076923076923076923076923,"[{""value"": ""1"", ""count"": 452}, {""value"": ""2"", ""count"": 224}, {""value"": ""3"", ""count"": 89}, {""value"": ""4"", ""count"": 15}]"
84,fin24b,integer,1051,0,0.0,6,0.5709,False,False,False,1,6,3.321598477640342530922930542,"[{""value"": ""4"", ""count"": 394}, {""value"": ""5"", ""count"": 190}, {""value"": ""2"", ""count"": 169}, {""value"": ""3"", ""count"": 147}, {""value"": ""1"", ""count"": 144}, {""value"": ""6"", ""count"": 7}]"
85,fin24c,integer,1051,0,0.0,3,0.2854,False,False,False,1,3,1.569933396764985727878211227,"[{""value"": ""2"", ""count"": 567}, {""value"": ""1"", ""count"": 468}, {""value"": ""3"", ""count"": 16}]"
86,fin24d1,integer,468,583,55.471,3,0.641,False,False,False,1,3,1.692307692307692307692307692,"[{""value"": ""2"", ""count"": 302}, {""value"": ""1"", ""count"": 155}, {""value"": ""3"", ""count"": 11}]"
87,fin24d2,integer,468,583,55.471,4,0.8547,False,False,False,1,4,1.391025641025641025641025641,"[{""value"": ""1"", ""count"": 291}, {""value"": ""2"", ""count"": 172}, {""value"": ""3"", ""count"": 4}, {""value"": ""4"", ""count"": 1}]"
88,fin24d3,integer,355,696,66.2226,4,1.1268,False,False,False,1,4,1.816901408450704225352112676,"[{""value"": ""2"", ""count"": 272}, {""value"": ""1"", ""count"": 75}, {""value"": ""3"", ""count"": 6}, {""value"": ""4"", ""count"": 2}]"
89,fin25e1,integer,793,258,24.548,3,0.3783,False,False,False,1,3,1.698612862547288776796973518,"[{""value"": ""2"", ""count"": 540}, {""value"": ""1"", ""count"": 246}, {""value"": ""3"", ""count"": 7}]"
90,fin25e2,integer,793,258,24.548,4,0.5044,False,False,False,1,4,1.732660781841109709962168979,"[{""value"": ""2"", ""count"": 572}, {""value"": ""1"", ""count"": 217}, {""value"": ""3"", ""count"": 3}, {""value"": ""4"", ""count"": 1}]"
91,fin25e3,integer,217,834,79.353,4,1.8433,False,False,False,1,4,2.009216589861751152073732719,"[{""value"": ""2"", ""count"": 116}, {""value"": ""1"", ""count"": 52}, {""value"": ""3"", ""count"": 44}, {""value"": ""4"", ""count"": 5}]"
92,fin25e4,integer,576,475,45.1951,7,1.2153,False,False,False,1,7,3.659722222222222222222222222,"[{""value"": ""4"", ""count"": 405}, {""value"": ""2"", ""count"": 47}, {""value"": ""1"", ""count"": 44}, {""value"": ""3"", ""count"": 36}, {""value"": ""5"", ""count"": 24}, {""value"": ""6"", ""count"": 18}, {""value"": ""7"", ""count"": 2}]"
93,fin26a,integer,793,258,24.548,3,0.3783,False,False,False,1,3,1.442622950819672131147540984,"[{""value"": ""1"", ""count"": 449}, {""value"": ""2"", ""count"": 337}, {""value"": ""3"", ""count"": 7}]"
94,fin26b,integer,793,258,24.548,4,0.5044,False,False,False,1,4,1.870113493064312736443883985,"[{""value"": ""2"", ""count"": 673}, {""value"": ""1"", ""count"": 112}, {""value"": ""3"", ""count"": 7}, {""value"": ""4"", ""count"": 1}]"
95,fin27,integer,112,939,89.3435,5,4.4643,False,False,False,1,5,1.919642857142857142857142857,"[{""value"": ""2"", ""count"": 46}, {""value"": ""1"", ""count"": 41}, {""value"": ""3"", ""count"": 20}, {""value"": ""4"", ""count"": 3}, {""value"": ""5"", ""count"": 2}]"
96,fh1,integer,1051,0,0.0,4,0.3806,False,False,False,1,4,1.546146527117031398667935300,"[{""value"": ""2"", ""count"": 555}, {""value"": ""1"", ""count"": 487}, {""value"": ""3"", ""count"": 8}, {""value"": ""4"", ""count"": 1}]"
97,fin28,integer,487,564,53.6632,2,0.4107,False,False,False,1,2,1.236139630390143737166324435,"[{""value"": ""1"", ""count"": 372}, {""value"": ""2"", ""count"": 115}]"
98,fh2,integer,1051,0,0.0,4,0.3806,False,False,False,1,4,1.482397716460513796384395814,"[{""value"": ""1"", ""count"": 554}, {""value"": ""2"", ""count"": 488}, {""value"": ""3"", ""count"": 8}, {""value"": ""4"", ""count"": 1}]"
99,fin29,integer,554,497,47.2883,2,0.361,False,False,False,1,2,1.263537906137184115523465704,"[{""value"": ""1"", ""count"": 408}, {""value"": ""2"", ""count"": 146}]"
100,fh2a,integer,1051,0,0.0,4,0.3806,False,False,False,1,4,1.810656517602283539486203616,"[{""value"": ""2"", ""count"": 838}, {""value"": ""1"", ""count"": 207}, {""value"": ""3"", ""count"": 4}, {""value"": ""4"", ""count"": 2}]"
101,fin30,integer,1051,0,0.0,3,0.2854,False,False,False,1,3,1.502378686964795432921027593,"[{""value"": ""1"", ""count"": 527}, {""value"": ""2"", ""count"": 520}, {""value"": ""3"", ""count"": 4}]"
102,fin31a,integer,527,524,49.8573,4,0.759,False,False,False,1,4,1.734345351043643263757115750,"[{""value"": ""2"", ""count"": 378}, {""value"": ""1"", ""count"": 145}, {""value"": ""3"", ""count"": 3}, {""value"": ""4"", ""count"": 1}]"
103,fin31b,integer,527,524,49.8573,4,0.759,False,False,False,1,4,1.206831119544592030360531309,"[{""value"": ""1"", ""count"": 421}, {""value"": ""2"", ""count"": 104}, {""value"": ""3"", ""count"": 1}, {""value"": ""4"", ""count"": 1}]"
104,fin31c,integer,51,1000,95.1475,2,3.9216,False,False,False,1,2,1.450980392156862745098039216,"[{""value"": ""1"", ""count"": 28}, {""value"": ""2"", ""count"": 23}]"
105,fin31d,integer,88,963,91.627,3,3.4091,False,False,False,1,3,1.227272727272727272727272727,"[{""value"": ""1"", ""count"": 70}, {""value"": ""2"", ""count"": 16}, {""value"": ""3"", ""count"": 2}]"
106,fin32,integer,1051,0,0.0,3,0.2854,False,False,False,1,3,1.649857278782112274024738344,"[{""value"": ""2"", ""count"": 675}, {""value"": ""1"", ""count"": 372}, {""value"": ""3"", ""count"": 4}]"
107,fin33,integer,372,679,64.6051,3,0.8065,False,False,False,1,4,1.706989247311827956989247312,"[{""value"": ""2"", ""count"": 260}, {""value"": ""1"", ""count"": 111}, {""value"": ""4"", ""count"": 1}]"
108,fin34a,integer,372,679,64.6051,3,0.8065,False,False,False,1,4,1.438172043010752688172043011,"[{""value"": ""1"", ""count"": 211}, {""value"": ""2"", ""count"": 160}, {""value"": ""4"", ""count"": 1}]"
109,fin34b,integer,372,679,64.6051,3,0.8065,False,False,False,1,4,1.567204301075268817204301075,"[{""value"": ""2"", ""count"": 208}, {""value"": ""1"", ""count"": 163}, {""value"": ""4"", ""count"": 1}]"
110,fin34c,integer,93,958,91.1513,3,3.2258,False,False,False,1,4,1.247311827956989247311827957,"[{""value"": ""1"", ""count"": 72}, {""value"": ""2"", ""count"": 20}, {""value"": ""4"", ""count"": 1}]"
111,fin34d,integer,21,1030,98.0019,3,14.2857,False,False,False,1,4,1.952380952380952380952380952,"[{""value"": ""2"", ""count"": 17}, {""value"": ""1"", ""count"": 3}, {""value"": ""4"", ""count"": 1}]"
112,fin35,integer,282,769,73.1684,3,1.0638,False,False,False,1,3,1.663120567375886524822695035,"[{""value"": ""2"", ""count"": 159}, {""value"": ""1"", ""count"": 109}, {""value"": ""3"", ""count"": 14}]"
113,fin36,integer,282,769,73.1684,4,1.4184,False,False,False,1,4,1.602836879432624113475177305,"[{""value"": ""2"", ""count"": 140}, {""value"": ""1"", ""count"": 129}, {""value"": ""3"", ""count"": 9}, {""value"": ""4"", ""count"": 4}]"
114,fin36a,empty,0,1051,100.0,0,0.0,True,True,False,,,,[]
115,fin37,integer,1051,0,0.0,4,0.3806,False,False,False,1,4,1.826831588962892483349191246,"[{""value"": ""2"", ""count"": 852}, {""value"": ""1"", ""count"": 192}, {""value"": ""3"", ""count"": 4}, {""value"": ""4"", ""count"": 3}]"
116,fin38,integer,1051,0,0.0,4,0.3806,False,False,False,1,4,1.918173168411037107516650809,"[{""value"": ""2"", ""count"": 950}, {""value"": ""1"", ""count"": 94}, {""value"": ""3"", ""count"": 6}, {""value"": ""4"", ""count"": 1}]"
117,fin39a,integer,236,815,77.5452,2,0.8475,False,False,False,1,2,1.605932203389830508474576271,"[{""value"": ""2"", ""count"": 143}, {""value"": ""1"", ""count"": 93}]"
118,fin39b,integer,236,815,77.5452,3,1.2712,False,False,False,1,3,1.601694915254237288135593220,"[{""value"": ""2"", ""count"": 140}, {""value"": ""1"", ""count"": 95}, {""value"": ""3"", ""count"": 1}]"
119,fin39c,integer,105,946,90.0095,2,1.9048,False,False,False,1,2,1.895238095238095238095238095,"[{""value"": ""2"", ""count"": 94}, {""value"": ""1"", ""count"": 11}]"
120,fin39d,integer,94,957,91.0561,3,3.1915,False,False,False,1,3,1.925531914893617021276595745,"[{""value"": ""2"", ""count"": 85}, {""value"": ""1"", ""count"": 8}, {""value"": ""3"", ""count"": 1}]"
121,fin40,integer,139,912,86.7745,5,3.5971,False,False,False,1,5,1.597122302158273381294964029,"[{""value"": ""1"", ""count"": 77}, {""value"": ""2"", ""count"": 50}, {""value"": ""4"", ""count"": 7}, {""value"": ""3"", ""count"": 4}, {""value"": ""5"", ""count"": 1}]"
122,fin41,integer,139,912,86.7745,3,2.1583,False,False,False,1,3,1.913669064748201438848920863,"[{""value"": ""2"", ""count"": 93}, {""value"": ""1"", ""count"": 29}, {""value"": ""3"", ""count"": 17}]"
123,fin41a,empty,0,1051,100.0,0,0.0,True,True,False,,,,[]
124,fin42,integer,1051,0,0.0,4,0.3806,False,False,False,1,4,1.866793529971455756422454805,"[{""value"": ""2"", ""count"": 893}, {""value"": ""1"", ""count"": 150}, {""value"": ""3"", ""count"": 6}, {""value"": ""4"", ""count"": 2}]"
125,fin43a,integer,150,901,85.7279,3,2.0,False,False,False,1,4,1.78,"[{""value"": ""2"", ""count"": 114}, {""value"": ""1"", ""count"": 35}, {""value"": ""4"", ""count"": 1}]"
126,fin43b,integer,150,901,85.7279,2,1.3333,False,False,False,1,2,1.546666666666666666666666667,"[{""value"": ""2"", ""count"": 82}, {""value"": ""1"", ""count"": 68}]"
127,fin43c,integer,72,979,93.1494,2,2.7778,False,False,False,1,2,1.486111111111111111111111111,"[{""value"": ""1"", ""count"": 37}, {""value"": ""2"", ""count"": 35}]"
128,fin43d,integer,35,1016,96.6698,2,5.7143,False,False,False,1,2,1.885714285714285714285714286,"[{""value"": ""2"", ""count"": 31}, {""value"": ""1"", ""count"": 4}]"
129,fin44,integer,150,901,85.7279,3,2.0,False,False,False,1,3,1.446666666666666666666666667,"[{""value"": ""1"", ""count"": 84}, {""value"": ""2"", ""count"": 65}, {""value"": ""3"", ""count"": 1}]"
130,fin45,integer,1051,0,0.0,8,0.7612,False,False,False,1,8,3.783063748810656517602283539,"[{""value"": ""4"", ""count"": 360}, {""value"": ""5"", ""count"": 258}, {""value"": ""2"", ""count"": 169}, {""value"": ""3"", ""count"": 121}, {""value"": ""1"", ""count"": 72}, {""value"": ""7"", ""count"": 33}, {""value"": ""6"", ""count"": 31}, {""value"": ""8"", ""count"": 7}]"
131,internet_use,integer,1051,0,0.0,2,0.1903,False,False,False,0,1,0.5975261655566127497621313035,"[{""value"": ""1"", ""count"": 628}, {""value"": ""0"", ""count"": 423}]"
132,con1,integer,1051,0,0.0,3,0.2854,False,False,False,1,4,1.114176974310180780209324453,"[{""value"": ""1"", ""count"": 933}, {""value"": ""2"", ""count"": 117}, {""value"": ""4"", ""count"": 1}]"
133,con2a,integer,118,933,88.7726,4,3.3898,False,False,False,1,9,1.449152542372881355932203390,"[{""value"": ""1"", ""count"": 85}, {""value"": ""2"", ""count"": 30}, {""value"": ""9"", ""count"": 2}, {""value"": ""8"", ""count"": 1}]"
134,con2b,integer,118,933,88.7726,4,3.3898,False,False,False,1,9,1.906779661016949152542372881,"[{""value"": ""2"", ""count"": 78}, {""value"": ""1"", ""count"": 36}, {""value"": ""8"", ""count"": 3}, {""value"": ""9"", ""count"": 1}]"
135,con2c,integer,118,933,88.7726,4,3.3898,False,False,False,1,9,2.220338983050847457627118644,"[{""value"": ""2"", ""count"": 79}, {""value"": ""1"", ""count"": 30}, {""value"": ""8"", ""count"": 7}, {""value"": ""9"", ""count"": 2}]"
136,con2d,integer,118,933,88.7726,4,3.3898,False,False,False,1,9,1.881355932203389830508474576,"[{""value"": ""2"", ""count"": 89}, {""value"": ""1"", ""count"": 27}, {""value"": ""8"", ""count"": 1}, {""value"": ""9"", ""count"": 1}]"
137,con2e,integer,118,933,88.7726,3,2.5424,False,False,False,1,9,1.864406779661016949152542373,"[{""value"": ""2"", ""count"": 94}, {""value"": ""1"", ""count"": 23}, {""value"": ""9"", ""count"": 1}]"
138,con2f,integer,118,933,88.7726,4,3.3898,False,False,False,1,9,2.033898305084745762711864407,"[{""value"": ""2"", ""count"": 85}, {""value"": ""1"", ""count"": 28}, {""value"": ""8"", ""count"": 3}, {""value"": ""9"", ""count"": 2}]"
139,con2g,integer,118,933,88.7726,3,2.5424,False,False,False,1,9,1.711864406779661016949152542,"[{""value"": ""2"", ""count"": 76}, {""value"": ""1"", ""count"": 41}, {""value"": ""9"", ""count"": 1}]"
140,con3,integer,107,944,89.8192,10,9.3458,False,False,False,1,99,8.299065420560747663551401869,"[{""value"": ""1"", ""count"": 68}, {""value"": ""2"", ""count"": 6}, {""value"": ""3"", ""count"": 6}, {""value"": ""4"", ""count"": 6}, {""value"": ""5"", ""count"": 6}, {""value"": ""7"", ""count"": 6}, {""value"": ""97"", ""count"": 5}, {""value"": ""6"", ""count"": 2}]"
141,con4,integer,118,933,88.7726,4,3.3898,False,False,False,1,9,1.694915254237288135593220339,"[{""value"": ""2"", ""count"": 59}, {""value"": ""1"", ""count"": 56}, {""value"": ""9"", ""count"": 2}, {""value"": ""8"", ""count"": 1}]"
142,con5,integer,56,995,94.6717,3,5.3571,False,False,False,1,8,1.732142857142857142857142857,"[{""value"": ""1"", ""count"": 27}, {""value"": ""2"", ""count"": 27}, {""value"": ""8"", ""count"": 2}]"
143,con6,integer,56,995,94.6717,2,3.5714,False,False,False,1,2,1.660714285714285714285714286,"[{""value"": ""2"", ""count"": 37}, {""value"": ""1"", ""count"": 19}]"
144,con7,integer,56,995,94.6717,3,5.3571,False,False,False,1,8,1.803571428571428571428571429,"[{""value"": ""2"", ""count"": 38}, {""value"": ""1"", ""count"": 17}, {""value"": ""8"", ""count"": 1}]"
145,con8,integer,62,989,94.1009,3,4.8387,False,False,False,1,9,1.661290322580645161290322581,"[{""value"": ""1"", ""count"": 35}, {""value"": ""2"", ""count"": 25}, {""value"": ""9"", ""count"": 2}]"
146,con9,integer,933,118,11.2274,4,0.4287,False,False,False,1,9,1.437299035369774919614147910,"[{""value"": ""1"", ""count"": 582}, {""value"": ""2"", ""count"": 342}, {""value"": ""8"", ""count"": 6}, {""value"": ""9"", ""count"": 3}]"
147,con10,integer,342,709,67.4596,4,1.1696,False,False,False,1,9,2,"[{""value"": ""2"", ""count"": 306}, {""value"": ""1"", ""count"": 31}, {""value"": ""8"", ""count"": 4}, {""value"": ""9"", ""count"": 1}]"
148,con11,integer,933,118,11.2274,4,0.4287,False,False,False,1,9,1.157556270096463022508038585,"[{""value"": ""1"", ""count"": 811}, {""value"": ""2"", ""count"": 118}, {""value"": ""8"", ""count"": 3}, {""value"": ""9"", ""count"": 1}]"
149,con12,integer,933,118,11.2274,6,0.6431,False,False,False,1,8,1.233654876741693461950696677,"[{""value"": ""1"", ""count"": 802}, {""value"": ""2"", ""count"": 93}, {""value"": ""3"", ""count"": 23}, {""value"": ""8"", ""count"": 7}, {""value"": ""4"", ""count"": 6}, {""value"": ""7"", ""count"": 2}]"
150,con13,integer,15,1036,98.5728,2,13.3333,False,False,False,1,2,1.2,"[{""value"": ""1"", ""count"": 12}, {""value"": ""2"", ""count"": 3}]"
151,con14,integer,933,118,11.2274,4,0.4287,False,False,False,1,9,1.152197213290460878885316184,"[{""value"": ""1"", ""count"": 816}, {""value"": ""2"", ""count"": 113}, {""value"": ""8"", ""count"": 3}, {""value"": ""9"", ""count"": 1}]"
152,con15,empty,0,1051,100.0,0,0.0,True,True,False,,,,[]
153,con16,integer,816,235,22.3597,3,0.3676,False,False,False,1,8,1.172794117647058823529411765,"[{""value"": ""1"", ""count"": 681}, {""value"": ""2"", ""count"": 134}, {""value"": ""8"", ""count"": 1}]"
154,con17,integer,933,118,11.2274,6,0.6431,False,False,False,1,9,1.754555198285101822079314041,"[{""value"": ""1"", ""count"": 631}, {""value"": ""2"", ""count"": 147}, {""value"": ""4"", ""count"": 97}, {""value"": ""3"", ""count"": 29}, {""value"": ""8"", ""count"": 24}, {""value"": ""9"", ""count"": 5}]"
155,con18,integer,933,118,11.2274,4,0.4287,False,False,False,1,9,1.480171489817792068595927117,"[{""value"": ""1"", ""count"": 523}, {""value"": ""2"", ""count"": 404}, {""value"": ""8"", ""count"": 4}, {""value"": ""9"", ""count"": 2}]"
156,con19,integer,523,528,50.2379,2,0.3824,False,False,False,1,2,1.091778202676864244741873805,"[{""value"": ""1"", ""count"": 475}, {""value"": ""2"", ""count"": 48}]"
157,con20,integer,933,118,11.2274,4,0.4287,False,False,False,1,9,1.937834941050375133976420150,"[{""value"": ""2"", ""count"": 846}, {""value"": ""1"", ""count"": 83}, {""value"": ""8"", ""count"": 3}, {""value"": ""9"", ""count"": 1}]"
158,con21,integer,933,118,11.2274,4,0.4287,False,False,False,1,9,1.728831725616291532690246517,"[{""value"": ""2"", ""count"": 636}, {""value"": ""1"", ""count"": 291}, {""value"": ""8"", ""count"": 4}, {""value"": ""9"", ""count"": 2}]"
159,con22,integer,291,760,72.3121,2,0.6873,False,False,False,1,2,1.831615120274914089347079038,"[{""value"": ""2"", ""count"": 242}, {""value"": ""1"", ""count"": 49}]"
160,con23,integer,933,118,11.2274,4,0.4287,False,False,False,1,9,1.914255091103965702036441586,"[{""value"": ""2"", ""count"": 787}, {""value"": ""1"", ""count"": 137}, {""value"": ""8"", ""count"": 6}, {""value"": ""9"", ""count"": 3}]"
161,con24,integer,1051,0,0.0,4,0.3806,False,False,False,1,4,1.470980019029495718363463368,"[{""value"": ""1"", ""count"": 569}, {""value"": ""2"", ""count"": 473}, {""value"": ""3"", ""count"": 5}, {""value"": ""4"", ""count"": 4}]"
162,con25,integer,482,569,54.1389,4,0.8299,False,False,False,1,9,1.954356846473029045643153527,"[{""value"": ""2"", ""count"": 417}, {""value"": ""1"", ""count"": 59}, {""value"": ""8"", ""count"": 5}, {""value"": ""9"", ""count"": 1}]"
163,con26,integer,628,423,40.2474,7,1.1146,False,False,False,1,9,1.598726114649681528662420382,"[{""value"": ""1"", ""count"": 429}, {""value"": ""2"", ""count"": 113}, {""value"": ""3"", ""count"": 52}, {""value"": ""4"", ""count"": 18}, {""value"": ""7"", ""count"": 8}, {""value"": ""8"", ""count"": 7}, {""value"": ""9"", ""count"": 1}]"
164,con27,integer,628,423,40.2474,3,0.4777,False,False,False,1,8,1.143312101910828025477707006,"[{""value"": ""1"", ""count"": 550}, {""value"": ""2"", ""count"": 76}, {""value"": ""8"", ""count"": 2}]"
165,con28,integer,550,501,47.6689,6,1.0909,False,False,False,1,8,2.592727272727272727272727273,"[{""value"": ""3"", ""count"": 317}, {""value"": ""2"", ""count"": 142}, {""value"": ""1"", ""count"": 68}, {""value"": ""4"", ""count"": 15}, {""value"": ""8"", ""count"": 7}, {""value"": ""7"", ""count"": 1}]"
166,con29,integer,78,973,92.5785,3,3.8462,False,False,False,1,8,1.730769230769230769230769231,"[{""value"": ""2"", ""count"": 50}, {""value"": ""1"", ""count"": 27}, {""value"": ""8"", ""count"": 1}]"
167,con30a,integer,697,354,33.6822,4,0.5739,False,False,False,1,9,1.329985652797704447632711621,"[{""value"": ""1"", ""count"": 487}, {""value"": ""2"", ""count"": 207}, {""value"": ""9"", ""count"": 2}, {""value"": ""8"", ""count"": 1}]"
168,con30b,integer,697,354,33.6822,3,0.4304,False,False,False,1,9,1.321377331420373027259684362,"[{""value"": ""1"", ""count"": 494}, {""value"": ""2"", ""count"": 200}, {""value"": ""9"", ""count"": 3}]"
169,con30c,integer,697,354,33.6822,4,0.5739,False,False,False,1,9,1.223816355810616929698708752,"[{""value"": ""1"", ""count"": 554}, {""value"": ""2"", ""count"": 141}, {""value"": ""8"", ""count"": 1}, {""value"": ""9"", ""count"": 1}]"
170,con30d,integer,697,354,33.6822,4,0.5739,False,False,False,1,9,1.375896700143472022955523673,"[{""value"": ""1"", ""count"": 454}, {""value"": ""2"", ""count"": 240}, {""value"": ""8"", ""count"": 2}, {""value"": ""9"", ""count"": 1}]"
171,con30e,integer,697,354,33.6822,3,0.4304,False,False,False,1,8,1.517934002869440459110473458,"[{""value"": ""1"", ""count"": 348}, {""value"": ""2"", ""count"": 347}, {""value"": ""8"", ""count"": 2}]"
172,con30f,integer,697,354,33.6822,4,0.5739,False,False,False,1,9,1.833572453371592539454806313,"[{""value"": ""2"", ""count"": 551}, {""value"": ""1"", ""count"": 142}, {""value"": ""8"", ""count"": 2}, {""value"": ""9"", ""count"": 2}]"
173,con30g,integer,697,354,33.6822,4,0.5739,False,False,False,1,9,1.833572453371592539454806313,"[{""value"": ""2"", ""count"": 531}, {""value"": ""1"", ""count"": 159}, {""value"": ""8"", ""count"": 6}, {""value"": ""9"", ""count"": 1}]"
174,con30h,integer,697,354,33.6822,3,0.4304,False,False,False,1,8,1.682926829268292682926829268,"[{""value"": ""2"", ""count"": 462}, {""value"": ""1"", ""count"": 233}, {""value"": ""8"", ""count"": 2}]"
175,con31a,integer,351,700,66.6032,4,1.1396,False,False,False,1,9,1.330484330484330484330484330,"[{""value"": ""1"", ""count"": 260}, {""value"": ""2"", ""count"": 87}, {""value"": ""8"", ""count"": 3}, {""value"": ""9"", ""count"": 1}]"
176,con31b,integer,351,700,66.6032,4,1.1396,False,False,False,1,9,2.219373219373219373219373219,"[{""value"": ""2"", ""count"": 257}, {""value"": ""1"", ""count"": 70}, {""value"": ""8"", ""count"": 21}, {""value"": ""9"", ""count"": 3}]"
177,con31c,integer,351,700,66.6032,4,1.1396,False,False,False,1,9,2.256410256410256410256410256,"[{""value"": ""2"", ""count"": 278}, {""value"": ""1"", ""count"": 50}, {""value"": ""8"", ""count"": 21}, {""value"": ""9"", ""count"": 2}]"
178,con31d,integer,351,700,66.6032,4,1.1396,False,False,False,1,9,1.860398860398860398860398860,"[{""value"": ""2"", ""count"": 252}, {""value"": ""1"", ""count"": 92}, {""value"": ""8"", ""count"": 6}, {""value"": ""9"", ""count"": 1}]"
179,con31e,integer,351,700,66.6032,4,1.1396,False,False,False,1,9,2.168091168091168091168091168,"[{""value"": ""2"", ""count"": 324}, {""value"": ""1"", ""count"": 15}, {""value"": ""8"", ""count"": 10}, {""value"": ""9"", ""count"": 2}]"
180,con31f,integer,351,700,66.6032,4,1.1396,False,False,False,1,9,2.150997150997150997150997151,"[{""value"": ""2"", ""count"": 262}, {""value"": ""1"", ""count"": 69}, {""value"": ""8"", ""count"": 18}, {""value"": ""9"", ""count"": 2}]"
181,con31g,integer,351,700,66.6032,4,1.1396,False,False,False,1,9,1.945868945868945868945868946,"[{""value"": ""2"", ""count"": 288}, {""value"": ""1"", ""count"": 57}, {""value"": ""8"", ""count"": 4}, {""value"": ""9"", ""count"": 2}]"
182,con31h,integer,351,700,66.6032,4,1.1396,False,False,False,1,9,1.954415954415954415954415954,"[{""value"": ""2"", ""count"": 255}, {""value"": ""1"", ""count"": 85}, {""value"": ""8"", ""count"": 8}, {""value"": ""9"", ""count"": 3}]"
183,con32,integer,309,742,70.5994,11,3.5599,False,False,False,1,99,4.420711974110032362459546926,"[{""value"": ""1"", ""count"": 216}, {""value"": ""4"", ""count"": 34}, {""value"": ""8"", ""count"": 23}, {""value"": ""7"", ""count"": 10}, {""value"": ""6"", ""count"": 7}, {""value"": ""2"", ""count"": 6}, {""value"": ""97"", ""count"": 5}, {""value"": ""3"", ""count"": 3}]"
184,fin46,integer,1051,0,0.0,4,0.3806,False,False,False,1,4,1.127497621313035204567078972,"[{""value"": ""1"", ""count"": 922}, {""value"": ""2"", ""count"": 126}, {""value"": ""4"", ""count"": 2}, {""value"": ""3"", ""count"": 1}]"
185,fin47,integer,922,129,12.274,3,0.3254,False,False,False,1,3,1.963123644251626898047722343,"[{""value"": ""2"", ""count"": 836}, {""value"": ""1"", ""count"": 60}, {""value"": ""3"", ""count"": 26}]"
186,fin48a,integer,129,922,87.726,4,3.1008,False,False,False,1,4,1.821705426356589147286821705,"[{""value"": ""2"", ""count"": 101}, {""value"": ""1"", ""count"": 26}, {""value"": ""3"", ""count"": 1}, {""value"": ""4"", ""count"": 1}]"
187,fin48b,integer,129,922,87.726,4,3.1008,False,False,False,1,4,1.930232558139534883720930233,"[{""value"": ""2"", ""count"": 108}, {""value"": ""1"", ""count"": 16}, {""value"": ""3"", ""count"": 3}, {""value"": ""4"", ""count"": 2}]"
188,fin48c,integer,129,922,87.726,4,3.1008,False,False,False,1,4,1.720930232558139534883720930,"[{""value"": ""2"", ""count"": 74}, {""value"": ""1"", ""count"": 47}, {""value"": ""3"", ""count"": 5}, {""value"": ""4"", ""count"": 3}]"
189,fin48d,integer,129,922,87.726,4,3.1008,False,False,False,1,4,1.759689922480620155038759690,"[{""value"": ""2"", ""count"": 84}, {""value"": ""1"", ""count"": 39}, {""value"": ""3"", ""count"": 4}, {""value"": ""4"", ""count"": 2}]"
190,fin48e,integer,129,922,87.726,4,3.1008,False,False,False,1,4,1.697674418604651162790697674,"[{""value"": ""2"", ""count"": 81}, {""value"": ""1"", ""count"": 44}, {""value"": ""3"", ""count"": 3}, {""value"": ""4"", ""count"": 1}]"
191,fin48f,integer,129,922,87.726,4,3.1008,False,False,False,1,4,1.883720930232558139534883721,"[{""value"": ""2"", ""count"": 100}, {""value"": ""1"", ""count"": 23}, {""value"": ""3"", ""count"": 4}, {""value"": ""4"", ""count"": 2}]"
192,fin49a,integer,129,922,87.726,4,3.1008,False,False,False,1,4,1.697674418604651162790697674,"[{""value"": ""2"", ""count"": 79}, {""value"": ""1"", ""count"": 45}, {""value"": ""3"", ""count"": 4}, {""value"": ""4"", ""count"": 1}]"
193,fin49b,integer,129,922,87.726,4,3.1008,False,False,False,1,4,1.604651162790697674418604651,"[{""value"": ""2"", ""count"": 63}, {""value"": ""1"", ""count"": 59}, {""value"": ""3"", ""count"": 6}, {""value"": ""4"", ""count"": 1}]"
194,fin49c,integer,129,922,87.726,4,3.1008,False,False,False,1,4,1.457364341085271317829457364,"[{""value"": ""1"", ""count"": 78}, {""value"": ""2"", ""count"": 45}, {""value"": ""3"", ""count"": 4}, {""value"": ""4"", ""count"": 2}]"
195,fin49d,integer,129,922,87.726,4,3.1008,False,False,False,1,4,1.612403100775193798449612403,"[{""value"": ""2"", ""count"": 67}, {""value"": ""1"", ""count"": 57}, {""value"": ""3"", ""count"": 3}, {""value"": ""4"", ""count"": 2}]"
196,fin49e,integer,129,922,87.726,4,3.1008,False,False,False,1,4,1.651162790697674418604651163,"[{""value"": ""2"", ""count"": 72}, {""value"": ""1"", ""count"": 52}, {""value"": ""3"", ""count"": 3}, {""value"": ""4"", ""count"": 2}]"
197,fin49f,integer,129,922,87.726,4,3.1008,False,False,False,1,4,1.767441860465116279069767442,"[{""value"": ""2"", ""count"": 90}, {""value"": ""1"", ""count"": 35}, {""value"": ""3"", ""count"": 3}, {""value"": ""4"", ""count"": 1}]"
198,fin50,empty,0,1051,100.0,0,0.0,True,True,False,,,,[]
199,fin51,empty,0,1051,100.0,0,0.0,True,True,False,,,,[]
