target,outcome,dimension,dimension_label,question,category_order,category,n,positive_count,weight_sum,weighted_positive,weighted_rate,unweighted_rate,chart_eligible
account_fin,Financial institution account,gender,Gender,Do financial-access outcomes differ by gender in the observed data?,1,Female,664,335,594.9441426236771,247.6884889611456,0.416322258202006,0.5045180722891566,True
account_fin,Financial institution account,gender,Gender,Do financial-access outcomes differ by gender in the observed data?,2,Male,387,202,456.05585737149966,205.66689988294968,0.4509686621904627,0.5219638242894057,True
account_mob,Mobile money account,gender,Gender,Do financial-access outcomes differ by gender in the observed data?,1,Female,664,389,594.9441426236771,297.11051926294476,0.4993922924473223,0.5858433734939759,True
account_mob,Mobile money account,gender,Gender,Do financial-access outcomes differ by gender in the observed data?,2,Male,387,222,456.05585737149966,232.66618423774892,0.5101703672412671,0.5736434108527132,True
account_fin,Financial institution account,age_group,Age group,How do financial inclusion and mobile-money adoption vary across age groups?,1,15–24,271,82,297.66383939328944,72.242623063604,0.24269868725355373,0.3025830258302583,True
account_fin,Financial institution account,age_group,Age group,How do financial inclusion and mobile-money adoption vary across age groups?,2,25–34,278,166,285.3600763314852,137.31162006727578,0.4811872138265388,0.5971223021582733,True
account_fin,Financial institution account,age_group,Age group,How do financial inclusion and mobile-money adoption vary across age groups?,3,35–44,220,135,214.58537849156545,120.19666125040352,0.5601344420357514,0.6136363636363636,True
account_fin,Financial institution account,age_group,Age group,How do financial inclusion and mobile-money adoption vary across age groups?,4,45–54,104,59,110.4672691945886,54.97495079980558,0.49765827652503075,0.5673076923076923,True
account_fin,Financial institution account,age_group,Age group,How do financial inclusion and mobile-money adoption vary across age groups?,5,55–64,97,52,69.7556019174606,35.95782010647711,0.5154829019900762,0.5360824742268041,True
account_fin,Financial institution account,age_group,Age group,How do financial inclusion and mobile-money adoption vary across age groups?,6,65+,81,43,73.16783466678753,32.671713556529276,0.4465310980613135,0.5308641975308642,True
account_mob,Mobile money account,age_group,Age group,How do financial inclusion and mobile-money adoption vary across age groups?,1,15–24,271,118,297.66383939328944,95.02822720941992,0.31924679666536027,0.4354243542435424,True
account_mob,Mobile money account,age_group,Age group,How do financial inclusion and mobile-money adoption vary across age groups?,2,25–34,278,196,285.3600763314852,172.24953850346645,0.6036217144243219,0.7050359712230215,True
account_mob,Mobile money account,age_group,Age group,How do financial inclusion and mobile-money adoption vary across age groups?,3,35–44,220,140,214.58537849156545,121.04358200051077,0.5640812195657988,0.6363636363636364,True
account_mob,Mobile money account,age_group,Age group,How do financial inclusion and mobile-money adoption vary across age groups?,4,45–54,104,60,110.4672691945886,62.016094161506885,0.5613979110162056,0.5769230769230769,True
account_mob,Mobile money account,age_group,Age group,How do financial inclusion and mobile-money adoption vary across age groups?,5,55–64,97,55,69.7556019174606,45.03456119474963,0.6456049400596884,0.5670103092783505,True
account_mob,Mobile money account,age_group,Age group,How do financial inclusion and mobile-money adoption vary across age groups?,6,65+,81,42,73.16783466678753,34.404700431040006,0.47021618977412555,0.5185185185185185,True
account_fin,Financial institution account,education,Education,How do outcomes vary by education level?,1,Primary education or less,286,109,479.4779415646063,176.38280992520401,0.3678642845375561,0.3811188811188811,True
account_fin,Financial institution account,education,Education,How do outcomes vary by education level?,2,Secondary education,668,351,523.816380848155,241.24426299456883,0.46055120041101055,0.5254491017964071,True
account_fin,Financial institution account,education,Education,How do outcomes vary by education level?,3,Tertiary education or more,87,72,37.60600289248769,30.97525586667097,0.8236784950324699,0.8275862068965517,True
account_fin,Financial institution account,education,Education,How do outcomes vary by education level?,4,Missing or nonresponse,10,5,10.099674689927893,4.7530600576514885,0.4706151637133001,0.5,False
account_mob,Mobile money account,education,Education,How do outcomes vary by education level?,1,Primary education or less,286,132,479.4779415646063,207.4562238881086,0.4326710488727568,0.46153846153846156,True
account_mob,Mobile money account,education,Education,How do outcomes vary by education level?,2,Secondary education,668,413,523.816380848155,291.20522310539036,0.5559299665922544,0.6182634730538922,True
account_mob,Mobile money account,education,Education,How do outcomes vary by education level?,3,Tertiary education or more,87,61,37.60600289248769,25.822222750644176,0.6866516184787753,0.7011494252873564,True
account_mob,Mobile money account,education,Education,How do outcomes vary by education level?,4,Missing or nonresponse,10,5,10.099674689927893,5.293033756550531,0.5240796282111063,0.5,False
account_fin,Financial institution account,income_quintile,Household income quintile,How do outcomes vary across within-economy income quintiles?,1,Income quintile 1,183,69,210.56002566390913,71.77232301016033,0.3408639545130071,0.3770491803278688,True
account_fin,Financial institution account,income_quintile,Household income quintile,How do outcomes vary across within-economy income quintiles?,2,Income quintile 2,167,69,210.19857112931308,77.83044612784627,0.37027105231826424,0.41317365269461076,True
account_fin,Financial institution account,income_quintile,Household income quintile,How do outcomes vary across within-economy income quintiles?,3,Income quintile 3,167,62,207.8411473483573,69.78128287447596,0.3357433490179753,0.3712574850299401,True
account_fin,Financial institution account,income_quintile,Household income quintile,How do outcomes vary across within-economy income quintiles?,4,Income quintile 4,223,117,212.38148817867653,97.40126200408886,0.4586146506429279,0.5246636771300448,True
account_fin,Financial institution account,income_quintile,Household income quintile,How do outcomes vary across within-economy income quintiles?,5,Income quintile 5,311,220,210.01876767492087,136.57007482752385,0.6502755746044319,0.707395498392283,True
account_mob,Mobile money account,income_quintile,Household income quintile,How do outcomes vary across within-economy income quintiles?,1,Income quintile 1,183,72,210.56002566390913,68.2319171893904,0.32404971919171666,0.39344262295081966,True
account_mob,Mobile money account,income_quintile,Household income quintile,How do outcomes vary across within-economy income quintiles?,2,Income quintile 2,167,81,210.19857112931308,92.43792068799712,0.43976474336321625,0.48502994011976047,True
account_mob,Mobile money account,income_quintile,Household income quintile,How do outcomes vary across within-economy income quintiles?,3,Income quintile 3,167,92,207.8411473483573,103.78274617153099,0.49933686132699867,0.5508982035928144,True
account_mob,Mobile money account,income_quintile,Household income quintile,How do outcomes vary across within-economy income quintiles?,4,Income quintile 4,223,148,212.38148817867653,137.4427656700248,0.6471504030256828,0.6636771300448431,True
account_mob,Mobile money account,income_quintile,Household income quintile,How do outcomes vary across within-economy income quintiles?,5,Income quintile 5,311,218,210.01876767492087,127.88135378175035,0.6089044098177572,0.7009646302250804,True
account_fin,Financial institution account,employment,Workforce status,Do outcomes differ by workforce participation?,1,In the workforce,578,365,522.7695035851639,291.543176165541,0.557689716339863,0.6314878892733564,True
account_fin,Financial institution account,employment,Workforce status,Do outcomes differ by workforce participation?,2,Out of the workforce,473,172,528.2304964100128,161.81221267855432,0.3063287973304661,0.36363636363636365,True
account_mob,Mobile money account,employment,Workforce status,Do outcomes differ by workforce participation?,1,In the workforce,578,381,522.7695035851639,302.64113141499615,0.5789188721596749,0.6591695501730104,True
account_mob,Mobile money account,employment,Workforce status,Do outcomes differ by workforce participation?,2,Out of the workforce,473,230,528.2304964100128,227.1355720856975,0.4299932957853965,0.48625792811839325,True
account_fin,Financial institution account,internet_use,Recent internet use,How are financial-access outcomes associated with recent internet use?,1,Yes,628,373,542.147972566468,287.76941729940353,0.5307949708584822,0.5939490445859873,True
account_fin,Financial institution account,internet_use,Recent internet use,How are financial-access outcomes associated with recent internet use?,2,No / don't know / refused,423,164,508.8520274287089,165.58597154469174,0.3254108515228244,0.3877068557919622,True
account_mob,Mobile money account,internet_use,Recent internet use,How are financial-access outcomes associated with recent internet use?,1,Yes,628,423,542.147972566468,327.900345396283,0.6048170646918394,0.6735668789808917,True
account_mob,Mobile money account,internet_use,Recent internet use,How are financial-access outcomes associated with recent internet use?,2,No / don't know / refused,423,188,508.8520274287089,201.87635810441063,0.39672900415571966,0.4444444444444444,True
account_fin,Financial institution account,phone_ownership,Mobile phone ownership,How are outcomes associated with mobile phone ownership?,1,Yes,933,491,905.8753312723943,410.38923651271216,0.4530305907947384,0.5262593783494105,True
account_fin,Financial institution account,phone_ownership,Mobile phone ownership,How are outcomes associated with mobile phone ownership?,2,No,117,45,144.88149393032973,42.722977538930444,0.2948822267078152,0.38461538461538464,True
account_fin,Financial institution account,phone_ownership,Mobile phone ownership,How are outcomes associated with mobile phone ownership?,3,Nonresponse,1,1,0.243174792452727,0.243174792452727,1.0,1.0,False
account_mob,Mobile money account,phone_ownership,Mobile phone ownership,How are outcomes associated with mobile phone ownership?,1,Yes,933,578,905.8753312723943,500.24469786780736,0.5522224533536669,0.6195069667738478,True
account_mob,Mobile money account,phone_ownership,Mobile phone ownership,How are outcomes associated with mobile phone ownership?,2,No,117,33,144.88149393032973,29.532005632886282,0.2038355957806976,0.28205128205128205,True
account_mob,Mobile money account,phone_ownership,Mobile phone ownership,How are outcomes associated with mobile phone ownership?,3,Nonresponse,1,0,0.243174792452727,0.0,0.0,0.0,False
account_fin,Financial institution account,phone_type,Phone type,How do outcomes vary by the respondent's available phone type?,1,A smartphone,582,335,515.0353834469923,247.12065513649475,0.47981296640744003,0.5756013745704467,True
account_fin,Financial institution account,phone_type,Phone type,How do outcomes vary by the respondent's available phone type?,2,A basic text phone,342,149,381.1445081234025,158.20611921987543,0.41508172319946773,0.43567251461988304,True
account_fin,Financial institution account,phone_type,Phone type,How do outcomes vary by the respondent's available phone type?,3,Not applicable / skipped,118,46,145.12466872278247,42.96615233138317,0.29606374098573984,0.3898305084745763,True
account_fin,Financial institution account,phone_type,Phone type,How do outcomes vary by the respondent's available phone type?,4,Nonresponse,9,7,9.695439701999572,5.0624621563419225,0.5221487948914632,0.7777777777777778,False
account_mob,Mobile money account,phone_type,Phone type,How do outcomes vary by the respondent's available phone type?,1,A smartphone,582,384,515.0353834469923,301.6770065176795,0.5857403514660235,0.6597938144329897,True
account_mob,Mobile money account,phone_type,Phone type,How do outcomes vary by the respondent's available phone type?,2,A basic text phone,342,188,381.1445081234025,193.02565727336548,0.5064369370655339,0.5497076023391813,True
account_mob,Mobile money account,phone_type,Phone type,How do outcomes vary by the respondent's available phone type?,3,Not applicable / skipped,118,33,145.12466872278247,29.532005632886282,0.2034940433820965,0.2796610169491525,True
account_mob,Mobile money account,phone_type,Phone type,How do outcomes vary by the respondent's available phone type?,4,Nonresponse,9,6,9.695439701999572,5.542034076762375,0.5716124535970654,0.6666666666666666,False
